exercise_id,name,name_en,category,difficulty,primary_muscles,secondary_muscles,required_equipment,movement_pattern,is_compound,youtube_url,video_type,requires_1rm,good_for_beginners,core_engagement,gender_specialization,categories,ai_search_terms,training_level_priority,equipment_mapping_tags,instructions,description
98,Ab wheel rollout,Ab Wheel Rollout,Anti-Extension,intermediate,Mage; Rygg,,ab_wheel,,true,https://www.youtube.com/results?search_query=Ab+Wheel+Rollout+exercise+no+talk,,false,false,true,male,styrketräning,Maghjul; Ab wheel rollout,,,,
EX074,Aprodd,Upright row,strength,advanced,shoulders,,barbell,,false,,,true,false,false,both,strength_training,upright row,intermediate; advanced,barbell; plate,,
,Armhävning,Push-Up,Upper Body Push,Beginner,Bröst,,Kroppsvikt,,false,https://www.youtube.com/results?search_query=Push+Up+exercise+no+talk,,false,false,false,,,,,,,
114,Armhävning med klapp,Clap push-up,strength,intermediate,Bröst; Axlar,,bodyweight,,true,,,false,false,true,male,styrketräning,Klapp armhävning; Clap push-up,,,,
EX001,Armhävningar,Push-ups,strength,beginner,chest; triceps,,bodyweight,,true,https://www.youtube.com/watch?v=ZLNbgQiLODA,shorts,false,true,true,both,strength_training,push-ups; pushups,beginner; intermediate; advanced,bodyweight; floor,,
162,Armhävningar i TRX,Push-up TRX,strength,intermediate,Bröst; Axlar; Core,,trx; suspension,,true,,,false,false,true,both,styrketräning,TRX armhävning; Push-up TRX,,,,
EX004,Armhävningar med fötter i ringar,Ring push-ups,strength,advanced,chest; triceps,,bodyweight,,true,,,false,false,true,both,strength_training,ring push-ups; ring pushups,intermediate; advanced,bodyweight; floor,,
113,Armhävningar med fötter på bänk,Decline push-up,strength,intermediate,Bröst; Axlar; Triceps,,bodyweight,,true,,,false,false,true,male,styrketräning,Decline push-up; Armhävning fötter högt,,,,
146,Armhävningar mot bänk,Incline push-up,rehabilitation,beginner,Bröst; Axlar; Triceps,,bodyweight,,true,,,false,true,true,female,rehabilitering,Incline push-up; Armhävning bänk,,,,
EX002,Armhävningar mot vägg,Wall push-ups,strength,advanced,chest; triceps,,bodyweight,,true,,,false,false,true,both,strength_training,wall push-ups; wall pushups,intermediate; advanced,bodyweight; floor,,
9,Armhävningar på knä,,strength,beginner,Bröst; Axlar; Triceps,,bodyweight,,true,,,false,true,true,female,styrketräning; rehabilitering,Armhävning knä; Knäpush-up,,,,
EX003,Armhävningar på knäna,Knee push-ups,strength,advanced,chest; triceps,,bodyweight,,true,,,false,false,true,both,strength_training,knee push-ups; knee pushups,intermediate; advanced,bodyweight; floor,,
61,Arnold press,Arnold Press,Upper Body Push,intermediate,Axlar; Triceps,,dumbbells,,true,https://www.youtube.com/shorts/Kg8JD8l6ezw?feature=share,shorts,false,false,true,male,styrketräning,Arnold press; Arnold axelpress,,,,
EX028,Assisterande Chins,Assisted pull-ups,strength,advanced,back; biceps,,bodyweight,,true,,,false,false,true,both,strength_training,assisted pull-ups,intermediate; advanced,bodyweight; floor,,
,Australiensisk chins,Inverted Row,Upper Body Pull,Intermediate,Rygg,,Kroppsvikt,,true,https://www.youtube.com/shorts/x7zlGd-bIU0?feature=share,shorts,false,false,false,,,,,,,
EX075,Axelpress i maskin,Machine shoulder press,strength,beginner,shoulders; triceps,,machine,,true,https://www.youtube.com/shorts/6v4nrRVySj0?feature=share,shorts,false,true,false,both,strength_training,machine shoulder press,beginner; intermediate; advanced,machine,,
EX076,Axelpress med hantlar,Dumbbell shoulder press,strength,advanced,shoulders; triceps,,dumbbell,,true,https://www.youtube.com/shorts/k6tzKisR3NY?feature=share,shorts,false,false,false,both,strength_training,dumbbell shoulder press,intermediate; advanced,dumbbell,,
58,Axelpress stående,Overhead Press,Upper Body Push,advanced,Axlar; Triceps,,barbell,,true,https://www.youtube.com/shorts/zoN5EH50Dro?feature=share,shorts,true,false,true,male,styrketräning,Militärpress; Overhead Press; Skulderpress,,,,
52,Bad girl maskin (abduktor),Abduktormaskin,strength,beginner,Ben,,machine,,false,,,false,true,false,female,styrketräning; rehabilitering,Abduktormaskin; Outer thigh machine,,,,
EX104,Bakåtlutad sittande hantelcurl,Incline dumbbell curl,strength,beginner,biceps,,dumbbell,,false,https://www.youtube.com/shorts/fXFN8_1Bh6k?feature=share,shorts,false,true,false,both,strength_training,incline dumbbell curl,beginner; intermediate; advanced,dumbbell,,
,Bakåtlyft kabel,Rear Delt Cable Fly,Isolation,Intermediate,Axlar,,Kabel,,false,https://www.youtube.com/shorts/FeERX9UwspY?feature=share,shorts,false,false,false,,,,,,,
,Bakåtlyft med hantlar,Rear Delt Fly (Dumbbell),Isolation,Beginner,Axlar,,Hantlar,,false,https://www.youtube.com/shorts/LsT-bR_zxLo?feature=share,shorts,false,false,false,,,,,,,
112,Battleropes,Battlerope,cardio,beginner,Hela kroppen,,battle_ropes,,false,,,false,true,true,male,viktminskning,Battlerope; Battle ropes,,,,
44,Benböjningar,Leg Curl,strength,beginner,Ben,,machine,,false,https://www.youtube.com/shorts/_lgE0gPvbik?feature=share,shorts,false,true,false,both,styrketräning; rehabilitering,Lårcurl; Leg Curl,,,,
89,Bencykling,Cykelcrunch,strength,beginner,Mage,,bodyweight,,false,,,false,true,false,female,styrketräning,Cykelcrunch; Bicycle crunch,,,,
92,Benlyft i dipsställning,Leg raise dip bar,strength,intermediate,Mage,,bodyweight,,false,,,false,false,false,male,styrketräning,Benkörning; Leg raise dip bar,,,,
174,Benlyft åt sidan i kabel,Hip abduction cable,rehabilitation,beginner,Rumpa,,cable,,false,,,false,true,false,female,rehabilitering,Hip abduction cable; Benlyft kabel,,,,
EX125,Benpress,Leg press,strength,beginner,quadriceps; glutes,,machine,Squat,true,https://www.youtube.com/shorts/BnacvXdaxq8?feature=share,shorts,false,true,false,both,strength_training,leg press,beginner; intermediate; advanced,machine,,Benövning i maskin
EX126,Benspark,Leg extension,strength,beginner,quadriceps,,machine,,false,https://www.youtube.com/shorts/uM86QE59Tgc?feature=share,shorts,false,true,false,both,strength_training,leg extension,beginner; intermediate; advanced,machine,,
EX177,Bergsklättrare,Mountain climbers,strength,beginner,core,,bodyweight,,false,,,false,true,true,both,weight_loss; strength_training,mountain climbers,beginner; intermediate; advanced,bodyweight; floor,,
,Bicepscurl EZ-stång,EZ-Bar Curl,Isolation,Beginner,Biceps,,Skivstång,,false,https://www.youtube.com/shorts/Aundcd6gv1w?feature=share,shorts,false,false,false,,,,,,,
72,Bicepscurl kabel,Cable Curl,Isolation,beginner,Biceps,,cable,,false,https://www.youtube.com/shorts/CrbTqNOlFgE?feature=share,shorts,false,true,false,female,styrketräning,Bicepscurl kabel; Cable Curl,,,,
159,Bicepscurl med gummiband,Biceps curl band,rehabilitation,beginner,Biceps,,resistance_band,,false,,,false,true,false,female,rehabilitering,Biceps curl band; Gummiband bicepscurl,,,,
97,Bird dog,Bird Dog,Stability,beginner,Rygg; Mage,,bodyweight,,true,https://www.youtube.com/shorts/L91QMACdA6Q?feature=share,shorts,false,true,true,both,rehabilitering,Fyrfota sträck; Bird dog,,,,
136,Björnkravl,Bear crawl,cardio,beginner,Hela kroppen,,bodyweight,,false,,,false,true,true,both,viktminskning,Bear crawl; Björn gång,,,,
180,Box squat,,strength,beginner,Ben; Rumpa,,barbell,,true,,,false,true,true,both,rehabilitering; styrketräning,Lådböj; Box squat,,,,
EX127,Boxböj,Box squat,strength,advanced,quadriceps; glutes,,barbell,,true,,,false,false,true,both,strength_training,box squat,intermediate; advanced,barbell; plate; squat rack,,
37,Boxhopp,Box jump,cardio,beginner,Ben,,bodyweight,,false,,,false,true,true,both,viktminskning,Box jump; Boxhopp,,,,
171,Boxslag på säck,Punching bag,cardio,beginner,Hela kroppen,,punching_bag,,false,,,false,true,true,male,viktminskning,Boxning säck; Punching bag,,,,
,Bred armhävning,Wide Push-Up,Upper Body Push,Beginner,Bröst,,Kroppsvikt,,false,https://www.youtube.com/shorts/GHJgsTIW_bQ?feature=share,shorts,false,false,false,,,,,,,
EX178,Brutalbänk,Roman chair leg raise,strength,beginner,abs; core,,bodyweight,,true,,,false,true,true,both,strength_training,roman chair leg raise,beginner; intermediate; advanced,bodyweight; floor,,
EX008,Bröstpress i maskin,Machine chest press,strength,beginner,chest; triceps,,machine,,true,https://www.youtube.com/shorts/Qu7-ceCvq7w?feature=share,shorts,false,true,false,both,strength_training,machine chest press,beginner; intermediate; advanced,machine,,
EX009,Bröstpress med kabel,Cable chest press,strength,beginner,chest; triceps,,cable machine,,true,,,false,true,false,both,strength_training,cable chest press,beginner; intermediate; advanced,cable; bar,,
EX128,Bulgarian split squat,Bulgarian split squat,strength,advanced,quadriceps; glutes,,bodyweight,,true,https://www.youtube.com/shorts/or1frhkjBDc?feature=share,shorts,false,false,true,both,strength_training,bulgarian split squat,intermediate; advanced,bodyweight; floor,,
101,Burpee,Burpee,Conditioning,beginner,Hela kroppen,,bodyweight,,false,https://www.youtube.com/shorts/gYiE_2BtSTg?feature=share,shorts,false,true,true,both,viktminskning; styrketräning,Burpee; Utfallshopp med armhävning,,,,
EX200,Burpees,Burpees,strength,advanced,full_body; core,,bodyweight,,true,,,false,false,true,both,strength_training; weight_loss,burpees,intermediate; advanced,bodyweight,,
,Butterfly maskin,Pec Deck Fly,Upper Body Push,Beginner,Bröst,,Maskin,,false,https://www.youtube.com/shorts/a9vQ_hwIksU?feature=share,shorts,false,false,false,,,,,,,
EX129,Bältesböj,Belt squat,strength,advanced,quadriceps; glutes,,machine,,true,,,false,false,true,both,strength_training,belt squat,intermediate; advanced,machine,,
EX005,Bänkpress,Bench press,strength,advanced,chest; triceps,,barbell,Push,true,https://www.youtube.com/watch?v=XjrsqShr-Ic,shorts,true,false,true,both,strength_training,bench press; barbell bench press,intermediate; advanced,barbell; plate; bench,,Klassisk bröstövning med skivstång på bänk
EX007,Bänkpress i smithmaskin,Smith machine bench press,strength,advanced,chest; triceps,,smith machine,,true,,,true,false,true,both,strength_training,smith machine bench press,intermediate; advanced,smith; barbell,,
,Bänkpress lutande bänk med skivstång,Incline Barbell Bench Press,Upper Body Push,Intermediate,Bröst,,Skivstång,,true,https://www.youtube.com/shorts/98HWfiRonkE?feature=share,shorts,false,false,false,,,,,,,
EX006,Bänkpress med fötterna uppe,Feet-elevated bench press,strength,advanced,chest; triceps,,barbell,,true,,,true,false,true,both,strength_training,feet-elevated bench press; feet elevated bench press,intermediate; advanced,barbell; plate; bench,,
,Bänkpress med skivstång,Barbell Bench Press,Upper Body Push,Intermediate,Bröst,,Skivstång,,true,https://www.youtube.com/shorts/5NStATS0zrw?feature=share,shorts,false,false,false,,,,,,,
,Bänkpress negativ vinkel med hantlar,Decline Dumbbell Press,Upper Body Push,Intermediate,Bröst,,Hantlar,,true,https://www.youtube.com/shorts/zBX-1WrHYuI?feature=share,shorts,false,false,false,,,,,,,
,Bänkpress negativ vinkel med skivstång,Decline Barbell Bench Press,Upper Body Push,Intermediate,Bröst,,Skivstång,,true,https://www.youtube.com/shorts/a-UFQE4oxWY?feature=share,shorts,false,false,false,,,,,,,
20,Cable rodd,Cable Row,strength,beginner,Rygg; Biceps,,cable,,true,https://www.youtube.com/watch?v=yCD_vVnNllQ,shorts,false,true,false,both,styrketräning; rehabilitering,Sittande rodd; Cable Row,,,,
,Cables flyes,Cable Fly,strength,intermediate,unknown,,unknown,,false,https://www.youtube.com/watch?v=FeERX9UwspY,shorts,false,false,false,,,,,,,
24,Chin-ups,Chins underhand,strength,intermediate,Rygg; Biceps,,bodyweight,,true,,,false,false,true,both,styrketräning,Chins underhand; Chin-up; Pull-up underhand,,,,
EX029,Chins,Pull-ups,strength,advanced,back; biceps,,bodyweight,Pull,true,https://www.youtube.com/watch?v=6YGGFTKlDDw,shorts,false,false,true,both,strength_training,pull-ups,intermediate; advanced,bodyweight; floor,,Vertikal dragövning med kroppsvikt
EX030,Chins med omvänt grepp,Reverse-grip pull-ups,strength,advanced,back; biceps,,bodyweight,,true,,,false,false,true,both,strength_training,reverse-grip pull-ups,intermediate; advanced,bodyweight; floor,,
,Chins undergrepp,Chin-Up,Upper Body Pull,Advanced,Rygg,,Kroppsvikt,,true,https://www.youtube.com/shorts/kLmFCtNDut4?feature=share,shorts,false,false,false,,,,,,,
,Close grip bänkpress,Close Grip Bench Press,strength,intermediate,unknown,,unknown,,false,https://www.youtube.com/watch?v=C9MGP4YuoBk,shorts,false,false,false,,,,,,,
87,Crunch,Crunch,Core,beginner,Mage,,bodyweight,Flexion,false,https://www.youtube.com/watch?v=ByZJuk85YuE,shorts,false,true,false,female,styrketräning,Crunch; Situps; Magcrunches,,,,Klassisk magövning
EX180,Crunch i maskin,Machine crunch,strength,beginner,abs,,machine,,false,,,false,true,true,both,strength_training,machine crunch,beginner; intermediate; advanced,machine,,
142,Crunch på boll,Bollcrunch,strength,beginner,Mage,,exercise_ball; swiss_ball,,false,,,false,true,false,both,styrketräning,Bollcrunch; Crunch pilatesboll,,,,
EX179,Crunches,Crunches,strength,beginner,abs,,bodyweight,,false,,,false,true,true,both,strength_training,crunches,beginner; intermediate; advanced,bodyweight; floor,,
,Cykel,Stationary Bike,Cardio,Nybörjare,Ben; Hjärta,,Motionscykel,Cardio,true,,,false,false,false,,,,,,,Stationär cykel
,Cykel crunch,Bicycle Crunch,Flexion,Intermediate,Mage/Core,,Kroppsvikt,,false,https://www.youtube.com/shorts/Or3BkGOTt8Y?feature=share,shorts,false,false,false,,,,,,,
132,Dead bug,Dead Bug,Stability,beginner,Mage,,bodyweight,,false,https://www.youtube.com/shorts/iriJ6df6STo?feature=share,shorts,false,true,true,both,rehabilitering,Dead bug; Död insekt,,,,
EX181,Deadbugs,Dead bugs,strength,beginner,core,,bodyweight,,false,,,false,true,true,both,strength_training,dead bugs,beginner; intermediate; advanced,bodyweight; floor,,
155,Diamant-armhävningar,Diamond push-up,strength,beginner,Triceps; Bröst,,bodyweight,,true,,,false,true,true,male,styrketräning,Diamond push-up; Diamant armhävning,,,,
EX010,Dips,Dips,strength,advanced,triceps; chest,,bodyweight,Push,true,https://www.youtube.com/watch?v=jkTKsIME3Go,shorts,false,false,true,both,strength_training,dips,intermediate; advanced,bodyweight; floor,,Kroppsviktsövning för bröst och triceps
,Dips bänk,Bench Dip,Upper Body Push,Intermediate,Triceps,,Kroppsvikt,,true,https://www.youtube.com/shorts/4ua3MzaU0QU?feature=share,shorts,false,false,false,,,,,,,
EX011,Dips mot bänk,Bench dips,strength,advanced,triceps; chest,,bodyweight,,true,,,false,false,true,both,strength_training,bench dips,intermediate; advanced,bodyweight; floor,,
124,Donkey kick,,rehabilitation,beginner,Rumpa,,bodyweight,,false,,,false,true,false,female,rehabilitering,Donkey kick; Ben spark bakåt,,,,
140,Drag släde baklänges,Sled drag back,rehabilitation,beginner,Ben,,sled,,false,,,false,true,false,both,rehabilitering,Sled drag back; Baklänges släddrag,,,,
158,Enarms armhävning,One-arm push-up,strength,intermediate,Bröst; Axlar; Triceps,,bodyweight,,true,,,false,false,true,male,styrketräning,One-arm push-up; Enarms armhävning,,,,
166,Enarms farmers walk,Suitcase carry,strength,beginner,Hela kroppen,,dumbbell,,false,,,false,true,true,male,styrketräning,Suitcase carry; Enarms bondgång,,,,
,Enarms hantelrodd,One-Arm Dumbbell Row,Upper Body Pull,Intermediate,Rygg,,Hantlar,,true,https://www.youtube.com/shorts/yHqqGd0tXcw?feature=share,shorts,false,false,false,,,,,,,
EX157,Enbens hip thrust,Single-leg hip thrust,strength,advanced,glutes; hamstrings,,bodyweight,,true,,,false,false,true,both,strength_training,single-leg hip thrust,intermediate; advanced,bodyweight; floor,,
49,Enbens knäböj (Pistol),Pistolsquat,strength,intermediate,Ben,,bodyweight,,false,,,false,false,true,male,styrketräning; rehabilitering,Pistolsquat; Pistol squat; Enbens knäböj,,,,
EX158,Enbens sätesbrygga,Single-leg glute bridge,strength,advanced,glutes; hamstrings,,bodyweight,,true,,,false,false,true,both,strength_training,single-leg glute bridge,intermediate; advanced,bodyweight; floor,,
165,Enbent vadpress,Enbens vadpress,rehabilitation,beginner,Ben,,bodyweight,,false,,,false,true,false,both,rehabilitering,Enbens vadpress; Single leg calf raise,,,,
EX031,Enhands kabelrodd,Single-arm cable row,strength,beginner,back,,cable machine,,false,,,false,true,false,both,strength_training,single-arm cable row,beginner; intermediate; advanced,cable; bar,,
EX032,Enhands latsdrag,Single-arm lat pulldown,strength,beginner,back,,cable machine,,false,,,false,true,false,both,strength_training,single-arm lat pulldown,beginner; intermediate; advanced,cable; bar,,
EX130,Excentriska tåhävningar,Eccentric calf raises,strength,advanced,calves,,bodyweight,,false,,,false,false,false,both,strength_training,eccentric calf raises,intermediate; advanced,bodyweight; floor,,
31,Face pull,Facepull,strength,beginner,Axlar; Rygg,,cable,,true,,,false,true,false,both,styrketräning; rehabilitering,Facepull; Ansiktsdrag,,,,
67,Face pull med band,Ansiktsdrag gummiband,rehabilitation,beginner,Axlar; Rygg,,resistance_band,,true,,,false,true,false,both,rehabilitering,Ansiktsdrag gummiband; Face pull band,,,,
EX077,Facepull,Face pull,strength,beginner,shoulders,,cable machine,,false,https://www.youtube.com/watch?v=4XESS2J75aM,shorts,false,true,false,both,strength_training,face pull,beginner; intermediate; advanced,cable; bar,,
,Facepulls,Face Pulls,Axlar,Nybörjare,Bakre deltoider,Trapezius; Rotator cuff,Kabelmaskin,Pull,false,https://www.youtube.com/watch?v=4XESS2J75aM,video,false,false,false,,,,,,,Bakre deltoider och rotator cuff
84,Farmers walk,Farmer's Walk,Carry,beginner,Hela kroppen,,dumbbells,,false,https://www.youtube.com/shorts/KHP8Uukox00?feature=share,shorts,false,true,true,male,styrketräning; viktminskning,Farmargång; Farmer's walk; Bondgång,,,,
125,Fire hydrant,Hundkiss,rehabilitation,beginner,Rumpa,,bodyweight,,false,,,false,true,false,female,rehabilitering,Fire hydrant; Hundkiss,,,,
EX012,Floor press,Floor press,strength,beginner,chest; triceps,,bodyweight,,true,,,false,true,true,both,strength_training,floor press,beginner; intermediate; advanced,bodyweight; floor,,
EX013,Floor press med hantlar,Dumbbell floor press,strength,advanced,chest; triceps,,dumbbell,,true,,,false,false,true,both,strength_training,dumbbell floor press,intermediate; advanced,dumbbell,,
EX014,Flyes med gummiband,Resistance band flyes,strength,beginner,chest,,resistance band,,false,,,false,true,false,both,strength_training,resistance band flyes,beginner; intermediate; advanced,band; resistance,,
6,Flyes med hantlar,Chest Fly,strength,beginner,Bröst,,dumbbells,,false,,,false,true,false,female,styrketräning,Bröstflyes; Chest Fly; Flyes på bänk,,,,
63,Framåtlyft,Front Raise,Isolation,beginner,Axlar,,dumbbells,,false,https://www.youtube.com/shorts/4HXCYnztyh8?feature=share,shorts,false,true,false,female,styrketräning,Front raise; Framåtlyft,,,,
EX078,Framåtlyft med hantlar,Dumbbell front raise,strength,beginner,shoulders,,dumbbell,,false,,,false,true,false,both,strength_training,dumbbell front raise,beginner; intermediate; advanced,dumbbell,,
EX079,Framåtlyft med skivstång,Barbell front raise,strength,advanced,shoulders,,barbell,,false,,,true,false,false,both,strength_training,barbell front raise,intermediate; advanced,barbell; plate,,
EX080,Framåtlyft med viktskiva,Plate front raise,strength,beginner,shoulders,,barbell,,false,,,false,true,false,both,strength_training,plate front raise,beginner; intermediate; advanced,barbell; plate,,
,Franska pressen,Overhead Triceps Extension,Armar,Nybörjare,Triceps,,Hantel,Isolation,false,https://www.youtube.com/shorts/b_r_LW4HEcM?feature=share,shorts,false,false,false,,,,,,,Överhuvud tricepspress
EX115,French press med hantel,Dumbbell skullcrusher,strength,advanced,triceps,,dumbbell,,false,https://www.youtube.com/shorts/iuYB_fLp26Q?feature=share,shorts,false,false,false,both,strength_training,dumbbell skullcrusher,intermediate; advanced,dumbbell,,
EX116,French press med skivstång,Barbell skullcrusher,strength,advanced,triceps,,barbell,,false,https://www.youtube.com/shorts/K3mFeNz4e3w?feature=share,shorts,true,false,false,both,strength_training,barbell skullcrusher,intermediate; advanced,barbell; plate,,
EX033,Frivändning,Power clean,strength,advanced,back; shoulders; core,,barbell,,true,,,true,false,true,both,strength_training,power clean,intermediate; advanced,barbell; plate,,
EX159,Frog pump,Frog pump,strength,beginner,glutes; hamstrings,,bodyweight,,true,,,false,true,false,both,strength_training,frog pump,beginner; intermediate; advanced,bodyweight; floor,,
EX160,Frog pump med hantel,Dumbbell frog pump,strength,advanced,glutes; hamstrings,,dumbbell,,true,,,false,false,false,both,strength_training,dumbbell frog pump,intermediate; advanced,dumbbell,,
EX131,Frontböj,Front squat,strength,advanced,quadriceps; glutes,,barbell,,true,https://www.youtube.com/shorts/_qv0m3tPd3s?feature=share,shorts,true,false,true,both,strength_training,front squat,intermediate; advanced,barbell; plate; squat rack,,
EX194,Goblet Squat,Goblet squat,strength,beginner,quadriceps; glutes,,dumbbell,,true,,,false,true,true,both,strength_training,goblet squat,beginner; intermediate; advanced,dumbbell,,
51,Good girl maskin (adduktor),Adduktormaskin,strength,beginner,Ben,,machine,,false,,,false,true,false,female,styrketräning; rehabilitering,Adduktormaskin; Inner thigh machine,,,,
EX132,Good morning,Good Morning,strength,advanced,hamstrings; glutes; back,,barbell,,true,https://www.youtube.com/shorts/9prcXIdXev0?feature=share,shorts,false,false,true,both,strength_training,good morning,intermediate; advanced,barbell; plate,,
EX133,Grunda knäböj med kroppsvikt,Partial squat (bodyweight),strength,beginner,quadriceps; glutes,,bodyweight,,true,,,false,true,true,both,strength_training,partial squat (bodyweight),beginner; intermediate; advanced,bodyweight; floor,,
EX134,Grunda utfall med kroppsvikt,Partial lunges (bodyweight),strength,beginner,quadriceps; glutes,,bodyweight,,true,,,false,true,true,both,strength_training,partial lunges (bodyweight),beginner; intermediate; advanced,bodyweight; floor,,
172,Gummibandsdrag isär,Pull-apart band,rehabilitation,beginner,Axlar,,resistance_band,,false,,,false,true,false,both,rehabilitering,Pull-apart band; Gummiband dragisär,,,,
EX135,Hack squat i maskin,Hack squat (machine),strength,beginner,quadriceps; glutes,,machine,,true,https://www.youtube.com/shorts/Zgd6eFxPTxM?feature=share,shorts,false,true,false,both,strength_training,hack squat (machine),beginner; intermediate; advanced,machine,,
45,Hacklift,Hack squat,strength,intermediate,Ben; Rumpa,,machine,,true,,,false,false,true,male,styrketräning,Hack squat; Hacklift,,,,
EX106,Hammarcurl,Hammer curl,strength,beginner,biceps,,dumbbell,,false,https://www.youtube.com/shorts/8H5oWMNWWeQ?feature=share,shorts,false,true,false,both,strength_training,hammer curl,beginner; intermediate; advanced,dumbbell,,
,Hammarcurls,Hammer Curls,Armar,Nybörjare,Biceps; Brachialis,Underarmar,Hantlar,Pull,false,https://www.youtube.com/shorts/8H5oWMNWWeQ?feature=share,shorts,false,false,false,,,,,,,Neutral grepp för biceps och brachialis
,Hammer curl kabel med rep,Cable Hammer Curl (Rope),Isolation,Intermediate,Biceps,,Kabel,,false,https://www.youtube.com/shorts/HTtd5uMFVz8?feature=share,shorts,false,false,false,,,,,,,
144,Hamstringcurl på boll,Leg curl boll,rehabilitation,beginner,Ben; Rumpa,,exercise_ball; swiss_ball,,true,,,false,true,true,both,rehabilitering,Leg curl boll; Hamstringcurl boll,,,,
,Handled curl skivstång,Barbell Wrist Curl,Isolation,Beginner,Underarmar,,Skivstång,,false,https://www.youtube.com/shorts/d5YiFNoiCa0?feature=share,shorts,false,false,false,,,,,,,
82,Handledscurl,Wrist Curl,strength,beginner,Underarmar,,dumbbell,,false,,,false,true,false,both,styrketräning,Handledscurl; Wrist Curl,,,,
127,Handstående armhävning,Handstand push-up,strength,intermediate,Axlar; Bröst,,bodyweight,,true,,,false,false,true,male,styrketräning,Handstand push-up; Handstående armhävning,,,,
,Hantel bicepscurl,Hantel bicepscurl,strength,intermediate,unknown,,unknown,,false,https://www.youtube.com/shorts/MKWBV29S6c0?feature=share,shorts,false,false,false,,,,,,,
,Hantel farmer's walk,Hantel farmer's walk,strength,intermediate,unknown,,unknown,,false,https://www.youtube.com/shorts/Ozp9nI_w4xo?feature=share,shorts,false,false,false,,,,,,,
,Hantel jumping jacks,Hantel jumping jacks,strength,intermediate,unknown,,unknown,,false,https://www.youtube.com/shorts/F16ZAtARwxU?feature=share,shorts,false,false,false,,,,,,,
,Hantel lunges på plats,,strength,intermediate,unknown,,unknown,,false,https://www.youtube.com/shorts/mJilHWIBWO8?feature=share,shorts,false,false,false,,,,,,,
,Hantel plank rows,Hantel plank rows,strength,intermediate,unknown,,unknown,,false,https://www.youtube.com/shorts/GfptgUS4QRA?feature=share,shorts,false,false,false,,,,,,,
,Hantel push press,,strength,intermediate,unknown,,unknown,,false,https://www.youtube.com/shorts/EYOumY8pY2U?feature=share,shorts,false,false,false,,,,,,,
,Hantel russian twists,Hantel russian twists,strength,intermediate,unknown,,unknown,,false,https://www.youtube.com/shorts/MKfv0WiTeEQ?feature=share,shorts,false,false,false,,,,,,,
,Hantel sidolyft,,strength,intermediate,unknown,,unknown,,false,,,false,false,false,,,,,,,
,Hantel squats,Hantel squats,strength,intermediate,unknown,,unknown,,false,https://www.youtube.com/shorts/LvaglZbet6A?feature=share,shorts,false,false,false,,,,,,,
,Hantel thrusters,Hantel thrusters,strength,intermediate,unknown,,unknown,,false,https://www.youtube.com/shorts/5p7xFs_Hld4?feature=share,shorts,false,false,false,,,,,,,
,Hantel triceps extensions,Hantel triceps extensions,strength,intermediate,unknown,,unknown,,false,https://www.youtube.com/shorts/b_r_LW4HEcM?feature=share,shorts,false,false,false,,,,,,,
EX105,Hantelcurl,Dumbbell curl,strength,beginner,biceps,,dumbbell,Pull,false,https://www.youtube.com/watch?v=_aoad2yuP5w,shorts,false,true,false,both,strength_training,dumbbell curl,beginner; intermediate; advanced,dumbbell,,Alternativa bicepscurls
EX015,Hantelflyes,Dumbbell flyes,strength,beginner,chest,,dumbbell,,false,,,false,true,false,both,strength_training,dumbbell flyes,beginner; intermediate; advanced,dumbbell,,
EX034,Hantelrodd,Dumbbell row,strength,beginner,back,,dumbbell,Pull,false,https://www.youtube.com/watch?v=3yVPoAC-8Ok,shorts,false,true,false,both,strength_training,dumbbell row,beginner; intermediate; advanced,dumbbell,,Enarmad hantelrodd för rygg
EX161,Hip thrust,Hip thrust,strength,advanced,glutes; hamstrings,,barbell,,true,,,true,false,true,both,strength_training,hip thrust,intermediate; advanced,barbell; plate,,
EX162,Hip thrust i maskin,Machine hip thrust,strength,beginner,glutes; hamstrings,,machine,,true,,,false,true,false,both,strength_training,machine hip thrust,beginner; intermediate; advanced,machine,,
EX163,Hip thrust med band runt knäna,Hip thrust with band around knees,strength,beginner,glutes; hamstrings,,bodyweight,,true,,,false,true,true,both,strength_training,hip thrust with band around knees,beginner; intermediate; advanced,bodyweight; floor,,
182,Hollow hold,,strength,intermediate,Mage,,bodyweight,,false,,,false,false,false,both,styrketräning,Hollow hold; Bålhållning,,,,
106,Hopprep,Jump rope,cardio,beginner,Hela kroppen,,bodyweight,,false,,,false,true,true,both,viktminskning,Hopprep; Jump rope,,,,
EX081,Horisontell utåtrotation av axel med hantel,Horizontal external shoulder rotation,rehabilitation,beginner,shoulders,,dumbbell,,false,,,false,true,false,both,rehabilitation; strength_training,horizontal external shoulder rotation,beginner; intermediate; advanced,dumbbell,,
169,Hälsparkslöpning,Butt kicks,cardio,beginner,Ben,,bodyweight,,false,,,false,true,true,both,viktminskning,Butt kicks; Hälspark löpning,,,,
EX182,Hängande benlyft,Hanging leg raise,strength,advanced,abs; core,,bodyweight,,true,https://www.youtube.com/shorts/KDbFKEScp1M?feature=share,shorts,false,false,true,both,strength_training,hanging leg raise,intermediate; advanced,bodyweight; floor,,
EX183,Hängande knälyft,Hanging knee raise,strength,advanced,abs; core,,bodyweight,,true,,,false,false,true,both,strength_training,hanging knee raise,intermediate; advanced,bodyweight; floor,,
EX035,Hängande rodd,Inverted row,strength,beginner,back,,bodyweight,,false,,,false,true,true,both,strength_training,inverted row,beginner; intermediate; advanced,bodyweight; floor,,
EX036,Hängande rodd med underhandsgrepp,Underhand grip inverted row,strength,advanced,back; biceps,,bodyweight,,true,,,false,false,true,both,strength_training,underhand grip inverted row,intermediate; advanced,bodyweight; floor,,
EX037,Hängande styrkeryck,Hanging power snatch,strength,advanced,back; shoulders; core,,barbell,,true,,,true,false,true,both,strength_training,hanging power snatch,intermediate; advanced,barbell; plate,,
EX038,Hängande styrkevändning,Hanging power clean,strength,advanced,back; shoulders; core,,barbell,,true,,,true,false,true,both,strength_training,hanging power clean,intermediate; advanced,barbell; plate,,
135,Hängande vindrutetorkare,Hanging windshield wiper,strength,intermediate,Mage; Rygg,,bodyweight,,true,,,false,false,true,male,styrketräning,Hängande vindrutetorkare; Hanging windshield wiper,,,,
EX039,Hängryck,Hanging snatch,strength,advanced,back; shoulders; core,,barbell,,true,,,true,false,true,both,strength_training,hanging snatch,intermediate; advanced,barbell; plate,,
EX040,Hängvändning,Hanging clean,strength,advanced,back; shoulders; core,,barbell,,true,,,true,false,true,both,strength_training,hanging clean,intermediate; advanced,barbell; plate,,
EX164,Höftabduktion i maskin,Hip abduction (machine),rehabilitation,beginner,glutes,,machine,,false,,,false,true,false,both,rehabilitation; strength_training,hip abduction (machine),beginner; intermediate; advanced,machine,,
EX136,Höftadduktion i maskin,Hip adduction (machine),rehabilitation,beginner,glutes,,machine,,false,,,false,true,false,both,rehabilitation; strength_training,hip adduction (machine),beginner; intermediate; advanced,machine,,
100,Höftlyft (ytterligare),Brygga,rehabilitation,beginner,Mage; Rygg,,bodyweight,,true,,,false,true,true,female,rehabilitering,Brygga; Glute bridge; Höftlyft mage,,,,
53,Höftlyft med skivstång,Barbell Hip Thrust,Hip Hinge,beginner,Rumpa; Ben,,barbell,,true,https://www.youtube.com/shorts/96uDbymTaHM?feature=share,shorts,false,true,true,female,styrketräning,Hip thrust; Höftlyft med skivstång,,,,
EX165,Höftsträckning med kabel,Cable hip extension,strength,beginner,glutes,,cable machine,,false,,,false,true,false,both,strength_training,cable hip extension,beginner; intermediate; advanced,cable; bar,,
EX082,Hög kabelrodd med rep,High cable rope row,strength,beginner,shoulders,,cable machine,,false,,,false,true,false,both,strength_training,high cable rope row,beginner; intermediate; advanced,cable; bar,,
103,Höga knä,High Knees,cardio,beginner,Ben,,bodyweight,,false,,,false,true,true,female,viktminskning,Höga knä; High Knees,,,,
181,Inchworm,,cardio,beginner,Hela kroppen,,bodyweight,,false,,,false,true,true,both,viktminskning,Inchworm; Promenad på händer,,,,
EX083,Inåtrotation av axel med band,Shoulder internal rotation with band,rehabilitation,beginner,shoulders,,resistance band,,false,,,false,true,false,both,rehabilitation; strength_training,shoulder internal rotation with band,beginner; intermediate; advanced,band; resistance,,
69,Inåtrotation axel med band,Intern rotation band,rehabilitation,beginner,Axlar,,resistance_band,,false,,,false,true,false,both,rehabilitering,Intern rotation band; Inåtrotation axel,,,,
EX084,Isärdrag med band,Band pull-apart,rehabilitation,beginner,shoulders,,resistance band,,false,,,false,true,false,both,rehabilitation; strength_training,band pull-apart,beginner; intermediate; advanced,band; resistance,,
102,Jumping jacks,Jumping jack,cardio,beginner,Hela kroppen,,bodyweight,,false,,,false,true,true,female,viktminskning,Jumping jack; X-hopp,,,,
,Kabel glute kickback,Cable Glute Kickback,Isolation,Intermediate,Gluteus,,Kabel,,false,https://www.youtube.com/shorts/n-cgsNePyFo?feature=share,shorts,false,false,false,,,,,,,
,Kabel pull-through,Cable Pull-Through,Hip Hinge,Intermediate,Gluteus,,Kabel,,false,https://www.youtube.com/shorts/SbquVKT_2jg?feature=share,shorts,false,false,false,,,,,,,
115,Kabelcross överkropp,Kabel flyes,strength,beginner,Bröst,,cable,,false,,,false,true,false,female,styrketräning,Cable fly; Kabel flyes,,,,
EX184,Kabelcrunch,Cable crunch,strength,beginner,abs,,cable machine,,false,https://www.youtube.com/shorts/K2m0jj6RfYg?feature=share,shorts,false,true,true,both,strength_training,cable crunch,beginner; intermediate; advanced,cable; bar,,
EX107,Kabelcurl med rep,Cable rope curl,strength,beginner,biceps,,cable machine,,false,,,false,true,false,both,strength_training,cable rope curl,beginner; intermediate; advanced,cable; bar,,
EX108,Kabelcurl med stång,Cable bar curl,strength,beginner,biceps,,cable machine,,false,,,false,true,false,both,strength_training,cable bar curl,beginner; intermediate; advanced,cable; bar,,
,Kabelflyes,Cable Flyes,Bröst,Nybörjare,Bröst,,Kabelmaskin,Isolation,false,https://www.youtube.com/shorts/I-Ue34qLxc4?feature=share,shorts,false,false,false,,,,,,,Isoleringsövning för bröst med kablar
,Kabelflyes stående,Standing Cable Fly,Upper Body Push,Intermediate,Bröst,,Kabel,,false,https://www.youtube.com/shorts/I-Ue34qLxc4?feature=share,shorts,false,false,false,,,,,,,
,Kabelkryss (högt till lågt),Cable Crossover (High to Low),Upper Body Push,Intermediate,Bröst,,Kabel,,false,https://www.youtube.com/shorts/5SrkaIbDth4?feature=share,shorts,false,false,false,,,,,,,
,Kabelkryss (lågt till högt),Cable Crossover (Low to High),Upper Body Push,Intermediate,Bröst,,Kabel,,false,https://www.youtube.com/shorts/Lw2nYqhn0Ic?feature=share,shorts,false,false,false,,,,,,,
EX041,Kabelrodd med brett grepp,Wide-grip cable row,strength,beginner,back,,cable machine,,false,,,false,true,false,both,strength_training,wide-grip cable row,beginner; intermediate; advanced,cable; bar,,
EX042,Kabelrodd med smalt grepp,Close-grip cable row,strength,beginner,back,,cable machine,,false,,,false,true,false,both,strength_training,close-grip cable row,beginner; intermediate; advanced,cable; bar,,
EX195,Kettlebell Clean,Kettlebell clean,strength,advanced,shoulders; back; core,,kettlebell,,true,,,false,false,true,both,strength_training,kettlebell clean,intermediate; advanced,kettlebell,,
EX198,Kettlebell Snatch,Kettlebell snatch,strength,advanced,back; shoulders; core,,kettlebell,,true,,,false,false,true,both,strength_training,kettlebell snatch,intermediate; advanced,kettlebell,,
EX199,Kettlebell Swing,Kettlebell swing,cardio,advanced,glutes; hamstrings; core,,kettlebell,,true,https://www.youtube.com/shorts/moK1eINw7NY?feature=share,shorts,false,false,true,both,cardio; strength_training,kettlebell swing,intermediate; advanced,kettlebell,,
151,Kettlebell clean and press,KB clean press,strength,intermediate,Hela kroppen,,kettlebell,,false,,,false,false,true,both,styrketräning; viktminskning,KB clean press; Kettlebell frivändning och press,,,,
156,Kettlebell windmill,Windmill kettlebell,strength,intermediate,Mage; Axlar,,kettlebell,,true,,,false,false,true,male,styrketräning,Windmill kettlebell; Kettlebell väderkvarn,,,,
EX196,Kettlebellpress,Kettlebell press,strength,advanced,shoulders; triceps,,kettlebell,,true,,,false,false,false,both,strength_training,kettlebell press,intermediate; advanced,kettlebell,,
EX197,Kettlebellrodd,Kettlebell row,strength,advanced,back,,kettlebell,,false,,,false,false,false,both,strength_training,kettlebell row,intermediate; advanced,kettlebell,,
55,Kickback i kabel,Glute kickback,strength,beginner,Rumpa,,cable,,false,,,false,true,false,female,styrketräning; rehabilitering,Glute kickback; Kickback kabel,,,,
EX166,Kickback i maskin,Machine kickback,strength,beginner,glutes,,machine,,false,,,false,true,false,both,strength_training,machine kickback,beginner; intermediate; advanced,machine,,
EX043,Kickstöt,Kickback (shoulder),strength,beginner,shoulders,,resistance band,,false,,,false,true,false,both,strength_training,kickback (shoulder),beginner; intermediate; advanced,band; resistance,,
EX167,Kissande hunden,Donkey kick,strength,beginner,glutes,,bodyweight,,false,,,false,true,false,both,strength_training,donkey kick,beginner; intermediate; advanced,bodyweight; floor,,
EX137,Knäböj,Squat,strength,advanced,quadriceps; glutes,,barbell,Squat,true,https://www.youtube.com/watch?v=dW3zj79xfrc,shorts,true,false,true,both,strength_training,squat; barbell squat,intermediate; advanced,barbell; plate; squat rack,,Klassisk benövning med skivstång
EX138,Knäböj i smithmaskin,Smith machine squat,strength,advanced,quadriceps; glutes,,smith machine,,true,,,true,false,true,both,strength_training,smith machine squat,intermediate; advanced,smith; barbell,,
EX139,Knäböj med hantlar,Dumbbell squat,strength,advanced,quadriceps; glutes,,dumbbell,,true,,,false,false,true,both,strength_training,dumbbell squat,intermediate; advanced,dumbbell,,
EX140,Knäböj med kroppsvikt,Squat (bodyweight),strength,beginner,quadriceps; glutes,,bodyweight,,true,,,false,true,true,both,strength_training,squat (bodyweight),beginner; intermediate; advanced,bodyweight; floor,,
EX141,Knäböj med safety squat bar,Safety squat bar squat,strength,advanced,quadriceps; glutes,,barbell,,true,,,true,false,true,both,strength_training,safety squat bar squat,intermediate; advanced,barbell; plate; squat rack,,
EX142,Knäböj mot stol,Bench (box) squat,strength,advanced,quadriceps; glutes,,bodyweight,,true,,,false,false,true,both,strength_training,bench (box) squat,intermediate; advanced,bodyweight; floor,,
119,Knäböj utan vikt,Bodyweight squat,rehabilitation,beginner,Ben; Rumpa,,bodyweight,,true,,,false,true,true,both,rehabilitering,Benböj; Bodyweight squat,,,,
170,Knähopp,Tuck jump,cardio,beginner,Ben,,bodyweight,,false,,,false,true,true,both,viktminskning,Tuck jump; Knähopp,,,,
EX185,Knästående planka,Kneeling plank,rehabilitation,beginner,core,,bodyweight,,false,,,false,true,true,both,rehabilitation; strength_training,kneeling plank,beginner; intermediate; advanced,bodyweight; floor,,
EX186,Knästående sidoplanka,Kneeling side plank,rehabilitation,beginner,core,,bodyweight,,false,,,false,true,true,both,rehabilitation; strength_training,kneeling side plank,beginner; intermediate; advanced,bodyweight; floor,,
EX187,Knästående utrullning med maghjul,Kneeling ab wheel rollout,strength,advanced,core,,bodyweight,,false,,,false,false,true,both,strength_training,kneeling ab wheel rollout,intermediate; advanced,bodyweight; floor,,
EX109,Koncentrationscurl,Concentration curl,strength,beginner,biceps,,dumbbell,,false,https://www.youtube.com/shorts/EjUnEEfTSEY?feature=share,shorts,false,true,false,both,strength_training,concentration curl,beginner; intermediate; advanced,dumbbell,,
177,Krabbgång,Crab walk,cardio,beginner,Hela kroppen,,bodyweight,,false,,,false,true,true,both,viktminskning,Crab walk; Krabbgång,,,,
,Latdrag,Lat Pulldown,Rygg,Nybörjare,Latissimus,Biceps,Latmaskin,Pull,true,https://www.youtube.com/watch?v=Vc1O9opYR8M,shorts,false,false,false,,,,,,,Vertikal dragövning i maskin
EX044,Latsdrag,Lat pulldown,strength,beginner,back,,machine,,false,,,false,true,false,both,strength_training,lat pulldown,beginner; intermediate; advanced,machine,,
,Latsdrag (brett grepp),Lat Pulldown (Wide Grip),Upper Body Pull,Beginner,Rygg,,Kabel,,false,https://www.youtube.com/shorts/7Cjc_aXoQ_I?feature=share,shorts,false,false,false,,,,,,,
,Latsdrag (smalt/neutralt grepp),Lat Pulldown (Close/Neutral Grip),Upper Body Pull,Beginner,Rygg,,Kabel,,false,https://www.youtube.com/shorts/7Cjc_aXoQ_I?feature=share,shorts,false,false,false,,,,,,,
EX045,Latsdrag med omvänt grepp,Reverse-grip lat pulldown,strength,beginner,back,,machine,,false,,,false,true,false,both,strength_training,reverse-grip lat pulldown,beginner; intermediate; advanced,machine,,
EX046,Latsdrag med raka armar,Straight-arm lat pulldown,strength,beginner,back,,machine,,false,,,false,true,false,both,strength_training,straight-arm lat pulldown,beginner; intermediate; advanced,machine,,
EX188,Liggande benlyft,Lying leg raise,strength,beginner,abs; core,,bodyweight,,true,https://www.youtube.com/shorts/2wUpI98Ix-k?feature=share,shorts,false,true,true,both,strength_training,lying leg raise,beginner; intermediate; advanced,bodyweight; floor,,
EX016,Liggande hantelpress,Dumbbell bench press,strength,advanced,chest; triceps,,dumbbell,,true,https://www.youtube.com/watch?v=WbCEvFA0NJs,shorts,false,false,true,both,strength_training,dumbbell bench press,intermediate; advanced,dumbbell; bench,,
EX085,Liggande horisontell inåtrotation av axel med hantel,Lying horizontal internal shoulder rotation,rehabilitation,beginner,shoulders,,dumbbell,,false,,,false,true,false,both,rehabilitation; strength_training,lying horizontal internal shoulder rotation,beginner; intermediate; advanced,dumbbell,,
EX086,Liggande inåtrotation av axel med hantel,Lying internal shoulder rotation,rehabilitation,beginner,shoulders,,dumbbell,,false,,,false,true,false,both,rehabilitation; strength_training,lying internal shoulder rotation,beginner; intermediate; advanced,dumbbell,,
EX143,Liggande lårcurl,Lying leg curl,strength,beginner,hamstrings,,machine,,false,https://www.youtube.com/shorts/6eVuy_P5FR8?feature=share,shorts,false,true,false,both,strength_training,lying leg curl,beginner; intermediate; advanced,machine,,
EX117,Liggande tricepsextension bakom huvudet,Lying tricep extension,rehabilitation,beginner,triceps,,bodyweight,,false,,,false,true,false,both,rehabilitation; strength_training,lying tricep extension,beginner; intermediate; advanced,bodyweight; floor,,
EX118,Liggande tricepsextension med hantlar,Lying dumbbell tricep extension,strength,advanced,triceps,,dumbbell,,false,,,false,false,false,both,strength_training,lying dumbbell tricep extension,intermediate; advanced,dumbbell,,
78,Liggande tricepspress,Skull crusher,strength,intermediate,Triceps,,barbell,,false,,,false,false,false,male,styrketräning,Skull crusher; French press,,,,
129,Liggande tricepspress med hantlar,Skull crushers hantlar,strength,beginner,Triceps,,dumbbells,,false,,,false,true,false,female,styrketräning,Skull crushers hantlar; Liggande triceps,,,,
EX087,Liggande utåtrotation av axel med hantel,Lying external shoulder rotation,rehabilitation,beginner,shoulders,,dumbbell,,false,,,false,true,false,both,rehabilitation; strength_training,lying external shoulder rotation,beginner; intermediate; advanced,dumbbell,,
EX047,Långa marklyft,Long Romanian deadlift,strength,advanced,hamstrings; glutes; back,,barbell,,true,,,true,false,true,both,strength_training,long romanian deadlift,intermediate; advanced,barbell; plate,,
,Löpband,Treadmill,Cardio,Nybörjare,Ben; Hjärta,,Löpband,Cardio,true,https://www.youtube.com/shorts/m0FyBkKrCKI?feature=share,shorts,false,false,false,,,,,,,Löpning på löpband
149,Magcrunch i maskin,Magmaskin,strength,beginner,Mage,,machine,,false,,,false,true,false,both,styrketräning,Magmaskin; Ab crunch machine,,,,
176,Man maker,Manmaker,strength,intermediate,Hela kroppen,,dumbbells,,false,,,false,false,true,male,viktminskning; styrketräning,Man maker; Manmaker,,,,
EX048,Marklyft,Deadlift,strength,advanced,hamstrings; glutes; back,,barbell,Pull,true,https://www.youtube.com/watch?v=K4sB7gD1GJE,shorts,true,false,true,both,strength_training,deadlift; barbell deadlift,intermediate; advanced,barbell; plate,,"Komplett kroppsstyrka, fokus på rygg och lår"
EX049,Marklyft med hantlar,Dumbbell deadlift,strength,advanced,hamstrings; glutes; back,,dumbbell,,true,,,false,false,true,both,strength_training,dumbbell deadlift,intermediate; advanced,dumbbell,,
EX110,Maskincurl,Machine curl,strength,beginner,biceps,,machine,,false,,,false,true,false,both,strength_training,machine curl,beginner; intermediate; advanced,machine,,
EX017,Maskinflyes,Machine flyes,strength,beginner,chest,,machine,,false,,,false,true,false,both,strength_training,machine flyes,beginner; intermediate; advanced,machine,,
EX050,Maskinrodd,Machine row,strength,beginner,back,,machine,,false,https://www.youtube.com/shorts/-q4OkPSL2AA?feature=share,shorts,false,true,false,both,strength_training,machine row,beginner; intermediate; advanced,machine,,
167,Medicinbollsslam,Ball slam,cardio,beginner,Hela kroppen,,medicine_ball,,false,,,false,true,true,both,viktminskning,Ball slam; Medicinboll slam,,,,
104,Mountain climbers,Mountain climber,cardio,beginner,Hela kroppen,,bodyweight,,false,,,false,true,true,female,viktminskning,Bergsklättraren; Mountain climber,,,,
178,Muscle-up,Muscleup,strength,intermediate,Rygg; Bröst; Armar,,bodyweight,,true,,,false,false,true,male,styrketräning,Muscleup; Muscle-up,,,,
EX168,Musslan,Clamshell,rehabilitation,beginner,glutes,,bodyweight,,false,,,false,true,false,both,rehabilitation; strength_training,clamshell,beginner; intermediate; advanced,bodyweight; floor,,
157,Musslan med gummiband,Band clamshell,rehabilitation,beginner,Rumpa,,resistance_band,,false,,,false,true,false,female,rehabilitering,Band clamshell; Mussla gummiband,,,,
EX018,Nedåtlutande bänkpress,Decline bench press,strength,advanced,chest; triceps,,barbell,,true,,,true,false,true,both,strength_training,decline bench press,intermediate; advanced,barbell; plate; bench,,
121,Nordic hamstring curl,Nordic curl,rehabilitation,intermediate,Ben,,bodyweight,,false,,,false,false,false,male,rehabilitering,Nordic curl; Nordic hamstrings,,,,
,Omvänd crunch,Reverse Crunch,Flexion,Beginner,Mage/Core,,Kroppsvikt,,false,https://www.youtube.com/shorts/ZyE4r7wiI6w?feature=share,shorts,false,false,false,,,,,,,
,Omvänd curl EZ-stång,Reverse Curl (EZ-Bar),Isolation,Beginner,Underarmar,,Skivstång,,false,https://www.youtube.com/shorts/4biCTQej6RQ?feature=share,shorts,false,false,false,,,,,,,
,Omvänd handled curl,Barbell Reverse Wrist Curl,Isolation,Beginner,Underarmar,,Skivstång,,false,https://www.youtube.com/shorts/NcDp9dkWr7g?feature=share,shorts,false,false,false,,,,,,,
83,Omvänd handledscurl,Reverse wrist curl,strength,beginner,Underarmar,,barbell,,false,,,false,true,false,both,styrketräning,Reverse wrist curl; Omvänd handledscurl,,,,
65,Omvända flyes i maskin,Reverse Pec Deck,strength,beginner,Axlar; Rygg,,machine,,true,,,false,true,false,both,styrketräning,Omvända flyes maskin; Reverse Pec Deck,,,,
64,Omvända flyes med hantlar,Reverse Flyes,strength,beginner,Axlar; Rygg,,dumbbells,,true,,,false,true,false,female,styrketräning,Omvända flyes; Reverse Flyes,,,,
EX088,Omvända hantelflyes,Reverse dumbbell flyes,strength,advanced,shoulders,,dumbbell,,false,,,false,false,false,both,strength_training,reverse dumbbell flyes,intermediate; advanced,dumbbell,,
EX089,Omvända maskinflyes,Reverse machine flyes,strength,beginner,shoulders,,machine,,false,,,false,true,false,both,strength_training,reverse machine flyes,beginner; intermediate; advanced,machine,,
128,Omvänt bicepscurl,Reverse Curl,strength,beginner,Biceps; Underarmar,,barbell,,true,,,false,true,false,male,styrketräning,Omvänd curl; Reverse Curl,,,,
175,Pallof press,Anti-rotation press,rehabilitation,beginner,Mage,,cable,,false,,,false,true,false,both,rehabilitering,Anti-rotation press; Pallofpress,,,,
EX144,Pausböj,Pause squat,strength,advanced,quadriceps; glutes,,barbell,,true,,,true,false,true,both,strength_training,pause squat,intermediate; advanced,barbell; plate; squat rack,,
EX019,Pec deck,Pec deck,strength,beginner,chest,,machine,,false,,,false,true,false,both,strength_training,pec deck,beginner; intermediate; advanced,machine,,
EX051,Pendlayrodd,Pendlay row,strength,advanced,back,,barbell,,false,https://www.youtube.com/shorts/a2KIA2305OM?feature=share,shorts,true,false,true,both,strength_training,pendlay row,intermediate; advanced,barbell; plate,,
145,Pike på boll,Boll pike,strength,intermediate,Mage,,exercise_ball; swiss_ball,,false,,,false,false,true,male,styrketräning,Boll pike; Jackknife boll,,,,
EX189,Planka,Plank,strength,beginner,core,,bodyweight,,false,https://www.youtube.com/watch?v=xe2MXatLTUw,shorts,false,true,true,both,strength_training,plank,beginner; intermediate; advanced,bodyweight; floor,,
143,Planka på boll,Planka boll,strength,intermediate,Mage; Rygg,,exercise_ball; swiss_ball,,true,,,false,false,true,both,styrketräning,Planka boll; Swiss ball plank,,,,
75,Preacher curl,Preacher Curl,Isolation,beginner,Biceps,,machine,,false,https://www.youtube.com/shorts/7ixqAPO6JvU?feature=share,shorts,false,true,false,male,styrketräning,Scottcurl; Preacher Curl,,,,
EX111,Preachercurl med hantel,Dumbbell preacher curl,strength,advanced,biceps,,dumbbell,,false,,,false,false,false,both,strength_training,dumbbell preacher curl,intermediate; advanced,dumbbell,,
EX112,Preachercurl med skivstång,Barbell preacher curl,strength,advanced,biceps,,barbell,,false,,,true,false,false,both,strength_training,barbell preacher curl,intermediate; advanced,barbell; plate,,
EX090,Press,Military press,strength,advanced,shoulders; triceps,,barbell,,true,,,true,false,true,both,strength_training,military press,intermediate; advanced,barbell; plate,,
EX091,Press bakom nacke,Behind-the-neck press,strength,advanced,shoulders; triceps,,barbell,,true,,,true,false,true,both,strength_training,behind-the-neck press,intermediate; advanced,barbell; plate,,
EX092,Press bakom nacke med ryckfattning,Behind-the-neck push press,strength,advanced,shoulders; triceps,,barbell,,true,,,true,false,true,both,strength_training,behind-the-neck push press,intermediate; advanced,barbell; plate,,
EX020,Pullover med hantel,Dumbbell pullover,strength,advanced,chest,,dumbbell,,false,,,false,false,false,both,strength_training,dumbbell pullover,intermediate; advanced,dumbbell,,
126,Push press,Pushpress,strength,intermediate,Axlar; Ben,,barbell,,true,,,false,false,true,male,styrketräning,Push press; Pushpress,,,,
EX093,Pushpress,Push press,strength,advanced,shoulders; triceps; core,,barbell,,true,,,true,false,true,both,strength_training,push press,intermediate; advanced,barbell; plate,,
,Raka armar latsdrag,Straight-Arm Pulldown,Upper Body Pull,Intermediate,Rygg,,Kabel,,false,https://www.youtube.com/shorts/hAMcfubonDc?feature=share,shorts,false,false,false,,,,,,,
141,Reverensutfall,Curtsy lunge,strength,beginner,Ben; Rumpa,,bodyweight,,true,,,false,true,true,female,styrketräning,Curtsy lunge; Reverens utfall,,,,
,Reverse flyes,Reverse Fly,strength,intermediate,unknown,,unknown,,false,https://www.youtube.com/watch?v=LsT-bR_zxLo,shorts,false,false,false,,,,,,,
,Rodd framåtlutad med skivstång,Barbell Bent-Over Row,Upper Body Pull,Intermediate,Rygg,,Skivstång,,true,https://www.youtube.com/shorts/phVtqawIgbk?feature=share,shorts,false,false,false,,,,,,,
161,Rodd i TRX,TRX rodd,strength,beginner,Rygg; Biceps,,trx; suspension,,true,,,false,true,true,both,styrketräning,TRX rodd; Ringrodd; Inverterad rodd,,,,
EX053,Rodd med T-bar,T-bar row,strength,advanced,back,,barbell,,false,https://www.youtube.com/shorts/Cw0lBUyKBQM?feature=share,shorts,false,false,false,both,strength_training,t-bar row,intermediate; advanced,barbell; plate,,
,Rodd med skivstång,Barbell Row,Rygg,Mellannivå,Latissimus; Mellersta rygg,Biceps; Bakre deltoider,Skivstång,Pull,true,https://www.youtube.com/shorts/phVtqawIgbk?feature=share,shorts,false,false,false,,,,,,,Horisontell dragövning för rygg
,Roddmaskin,Rowing Machine,Cardio,Mellannivå,Rygg; Ben; Hjärta,Armar; Core,Roddmaskin,Cardio,true,https://www.youtube.com/shorts/A-35F9TR0OA?feature=share,shorts,false,false,false,,,,,,,Helkropps cardio
150,Rotationsmaskin för mage,Rotationsmaskin,rehabilitation,beginner,Mage,,machine,,false,,,false,true,false,both,rehabilitering,Rotationsmaskin; Torso rotation machine,,,,
EX171,Rumänska enbensmarklyft,Single-leg Romanian deadlift,strength,advanced,hamstrings; glutes; back,,bodyweight,,true,,,false,false,true,both,strength_training,single-leg Romanian deadlift,intermediate; advanced,bodyweight; floor,,
EX169,Rumänska marklyft,Romanian deadlift,strength,advanced,hamstrings; glutes; back,,barbell,Hinge,true,https://www.youtube.com/watch?v=Wou9zVQrAfs,shorts,true,false,true,both,strength_training,romanian deadlift,intermediate; advanced,barbell; plate,,Baksida lår fokus
EX170,Rumänska marklyft med hantlar,Dumbbell Romanian deadlift,strength,advanced,hamstrings; glutes; back,,dumbbell,,true,,,false,false,true,both,strength_training,dumbbell Romanian deadlift,intermediate; advanced,dumbbell,,
94,Russian twist,,strength,beginner,Mage,,medicine_ball,,false,,,false,true,false,both,styrketräning,Russian twist,,,,
EX054,Ryck,Snatch,strength,advanced,back; shoulders; core,,barbell,,true,https://www.youtube.com/shorts/G0IAcNNE7yc?feature=share,shorts,true,false,true,both,strength_training,snatch,intermediate; advanced,barbell; plate,,
EX055,Ryck från bockar,Hang snatch from blocks,strength,advanced,back; shoulders; core,,barbell,,true,,,true,false,true,both,strength_training,hang snatch from blocks,intermediate; advanced,barbell; plate,,
EX145,Ryckböj / Overhead Squat,Overhead squat,strength,advanced,quadriceps; glutes,,barbell,,true,,,true,false,true,both,strength_training,overhead squat,intermediate; advanced,barbell; plate; squat rack,,
EX056,Ryckmarklyft,Snatch-grip deadlift,strength,advanced,hamstrings; glutes; back,,barbell,,true,,,true,false,true,both,strength_training,snatch-grip deadlift,intermediate; advanced,barbell; plate,,
EX057,Ryggresning,Back extension,strength,beginner,back,,bodyweight,Extension,false,https://www.youtube.com/watch?v=waqxM9HvqWg,shorts,false,true,false,both,strength_training,back extension,beginner; intermediate; advanced,bodyweight; floor,,Nedre rygg styrka
27,Ryggresning i maskin,Hyperextension,strength,beginner,Rygg,,machine,,false,,,false,true,true,both,styrketräning; rehabilitering,Hyperextension; Back Extension machine,,,,
EX058,Ryggresning på golvet,Floor back extension,strength,beginner,back,,bodyweight,,false,,,false,true,false,both,strength_training,floor back extension,beginner; intermediate; advanced,bodyweight; floor,,
,Rysk twist,Russian Twist,Rotation,Intermediate,Mage/Core,,Kroppsvikt,,false,https://www.youtube.com/shorts/aRUMRbl7KS4?feature=share,shorts,false,false,false,,,,,,,
EX059,Shrug med hantlar,Dumbbell shrug,strength,beginner,back; shoulders,,dumbbell,,true,,,false,true,false,both,strength_training,dumbbell shrug,beginner; intermediate; advanced,dumbbell,,
EX060,Shrug med skivstång,Barbell shrug,strength,advanced,back; shoulders,,barbell,,true,,,true,false,false,both,strength_training,barbell shrug,intermediate; advanced,barbell; plate,,
28,Shrugs med hantlar,Skulderdrag hantlar,strength,beginner,Rygg,,dumbbells,,false,,,false,true,false,male,styrketräning,Skulderdrag hantlar; Dumbbell Shrug,,,,
62,Sidan lyft,Lateral Raise,Isolation,beginner,Axlar,,dumbbells,,false,https://www.youtube.com/shorts/Kl3LEzQ5Zqs?feature=share,shorts,false,true,false,female,styrketräning,Sidolyft hantlar; Lateral Raise,,,,
173,Sidliggande benlyft,Sidolyft ben,rehabilitation,beginner,Ben; Rumpa,,bodyweight,,true,,,false,true,false,female,rehabilitering,Sidolyft ben; Side leg raise,,,,
,Sidlyft,Lateral Raises,Axlar,Nybörjare,Mellersta deltoider,,Hantlar,Isolation,false,https://www.youtube.com/shorts/Kl3LEzQ5Zqs?feature=share,shorts,false,false,false,,,,,,,Isolering mellersta deltoider
95,Sidoböj med hantel,Dumbbell Side Bend,strength,beginner,Mage,,dumbbell,,false,,,false,true,false,male,styrketräning,Sidoböj; Dumbbell Side Bend,,,,
57,Sidogång med gummiband,Monster walk,rehabilitation,beginner,Rumpa,,resistance_band,,false,,,false,true,false,female,rehabilitering,Monster walk; Sidogång gummiband,,,,
EX094,Sidolyft i maskin,Machine lateral raise,strength,beginner,shoulders,,machine,,false,,,false,true,false,both,strength_training,machine lateral raise,beginner; intermediate; advanced,machine,,
EX095,Sidolyft med hantlar,Dumbbell lateral raise,strength,beginner,shoulders,,dumbbell,,false,,,false,true,false,both,strength_training,dumbbell lateral raise,beginner; intermediate; advanced,dumbbell,,
EX096,Sidolyft med kabel,Cable lateral raise,strength,beginner,shoulders,,cable machine,,false,https://www.youtube.com/shorts/9ilIKuy6B0g?feature=share,shorts,false,true,false,both,strength_training,cable lateral raise,beginner; intermediate; advanced,cable; bar,,
EX190,Sidoplanka,Side plank,strength,beginner,core,,bodyweight,,false,https://www.youtube.com/shorts/BtM0a9x1F5o?feature=share,shorts,false,true,true,both,strength_training,side plank,beginner; intermediate; advanced,bodyweight; floor,,
EX172,Sidospark mot band,Side kick with band,strength,beginner,glutes,,resistance band,,false,,,false,true,false,both,strength_training,side kick with band,beginner; intermediate; advanced,band; resistance,,
EX173,Sidosteg med band,Lateral band walk,strength,beginner,glutes,,resistance band,,false,,,false,true,false,both,strength_training,lateral band walk,beginner; intermediate; advanced,band; resistance,,
41,Sidoutfall,Side Lunge,rehabilitation,beginner,Ben; Rumpa,,bodyweight,,true,,,false,true,true,female,rehabilitering,Sidoutfall; Side Lunge,,,,
120,Sissy squat,,strength,intermediate,Ben,,bodyweight,,false,,,false,false,true,male,styrketräning,Sissy squat,,,,
EX191,Sit-up,Sit-up,strength,beginner,abs,,bodyweight,,false,,,false,true,true,both,strength_training,sit-up,beginner; intermediate; advanced,bodyweight; floor,,
EX097,Sittande axelpress i smithmaskin,Seated shoulder press (Smith machine),strength,advanced,shoulders; triceps,,smith machine,,true,,,true,false,true,both,strength_training,seated shoulder press (smith machine),intermediate; advanced,smith; barbell,,
EX098,Sittande axelpress med hantlar,Seated dumbbell shoulder press,strength,advanced,shoulders; triceps,,dumbbell,,true,https://www.youtube.com/shorts/k6tzKisR3NY?feature=share,shorts,false,false,false,both,strength_training,seated dumbbell shoulder press,intermediate; advanced,dumbbell,,
EX099,Sittande axelpress med skivstång,Seated barbell shoulder press,strength,advanced,shoulders; triceps,,barbell,,true,,,true,false,true,both,strength_training,seated barbell shoulder press,intermediate; advanced,barbell; plate,,
,Sittande hantelpress,Seated Dumbbell Press,Axlar,Mellannivå,Främre deltoider; Mellersta deltoider,Triceps,Hantlar; Bänk,Push,true,https://www.youtube.com/shorts/k6tzKisR3NY?feature=share,shorts,false,false,false,,,,,,,Sittande axelpress med hantlar
EX174,Sittande höftabduktion mot band,Seated hip abduction with band,rehabilitation,beginner,glutes,,resistance band,,false,,,false,true,false,both,rehabilitation; strength_training,seated hip abduction with band,beginner; intermediate; advanced,band; resistance,,
,Sittande kabelrodd (brett grepp),Seated Cable Row (Wide Grip),Upper Body Pull,Beginner,Rygg,,Kabel,,true,https://www.youtube.com/shorts/vqPY3fDessY?feature=share,shorts,false,false,false,,,,,,,
,Sittande kabelrodd (smalt grepp),Seated Cable Row (Close Grip),Upper Body Pull,Beginner,Rygg,,Kabel,,true,https://www.youtube.com/shorts/qD1WZ5pSuvk?feature=share,shorts,false,false,false,,,,,,,
EX146,Sittande lårcurl,Seated leg curl,strength,beginner,hamstrings,,machine,,false,https://www.youtube.com/shorts/iQ92TuvBqRo?feature=share,shorts,false,true,false,both,strength_training,seated leg curl,beginner; intermediate; advanced,machine,,
EX147,Sittande vadpress,Seated calf raise,strength,beginner,calves,,machine,,false,https://www.youtube.com/shorts/ZJG4AmRMW8M?feature=share,shorts,false,true,false,both,strength_training,seated calf raise,beginner; intermediate; advanced,machine,,
EX061,Sittstöt,Push press,strength,advanced,back; shoulders; core,,barbell,,true,,,true,false,true,both,strength_training,push press,intermediate; advanced,barbell; plate,,
105,Skaters,Skridskohopp,cardio,beginner,Ben,,bodyweight,,false,,,false,true,true,female,viktminskning,Skridskohopp; Skater jumps,,,,
,Skivstångs bänkpress,,strength,intermediate,unknown,,unknown,,false,,,false,false,false,,,,,,,
,Skivstångs böjda rodd,,strength,intermediate,unknown,,unknown,,false,,,false,false,false,,,,,,,
,Skivstångs good mornings,,strength,intermediate,unknown,,unknown,,false,https://www.youtube.com/shorts/7cpldMZjLOs?feature=share,shorts,false,false,false,,,,,,,
,Skivstångs lunges,,strength,intermediate,unknown,,unknown,,false,https://www.youtube.com/shorts/EWBiNhxDnmQ?feature=share,shorts,false,false,false,,,,,,,
EX113,Skivstångscurl,Barbell curl,strength,advanced,biceps,,barbell,Pull,false,https://www.youtube.com/watch?v=2LpuygMBn4Q,shorts,true,false,false,both,strength_training,barbell curl,intermediate; advanced,barbell; plate,,Klassisk bicepsövning
,Skivstångsquatt,,strength,intermediate,unknown,,unknown,,false,https://www.youtube.com/shorts/dW3zj79xfrc?feature=share,shorts,false,false,false,,,,,,,
EX062,Skivstångsrodd,Barbell row,strength,advanced,back,,barbell,,false,,,true,false,true,both,strength_training,barbell row,intermediate; advanced,barbell; plate,,
168,Skuggboxning,Shadow boxing,cardio,beginner,Hela kroppen,,bodyweight,,false,,,false,true,true,both,viktminskning,Shadow boxing; Skuggboxning,,,,
,Skullcrushers,Skull Crusher,Armar,Mellannivå,Triceps,,Skivstång; Bänk,Isolation,false,https://www.youtube.com/shorts/K3mFeNz4e3w?feature=share,shorts,false,false,false,,,,,,,Liggande tricepspress
138,Slädpress,Prowler push,strength,beginner,Ben; Hela kroppen,,sled,,true,,,false,true,true,male,viktminskning; styrketräning,Prowler push; Sled push,,,,
,Smal armhävning,Close-Grip Push-Up,Upper Body Push,Beginner,Bröst,,Kroppsvikt,,false,https://www.youtube.com/shorts/GHJgsTIW_bQ?feature=share,shorts,false,false,false,,,,,,,
EX119,Smala armhävningar,Diamond push-ups,strength,advanced,chest; triceps,,bodyweight,,true,,,false,false,true,both,strength_training,diamond push-ups; diamond pushups,intermediate; advanced,bodyweight; floor,,
EX120,Smalbänk / Bänkpress med smalt grepp,Close-grip bench press,strength,advanced,triceps; chest,,barbell,,true,https://www.youtube.com/watch?v=C9MGP4YuoBk,video,true,false,true,both,strength_training,close-grip bench press,intermediate; advanced,barbell; plate; bench,,
EX021,Smalbänk med fötterna uppe,Close-grip bench press with feet elevated,strength,advanced,triceps; chest,,barbell,,true,,,true,false,true,both,strength_training,close-grip bench press with feet elevated,intermediate; advanced,barbell; plate; bench,,
81,Smalt grepp bänkpress,Close Grip Bench,strength,intermediate,Triceps; Bröst,,barbell,,true,,,false,false,false,male,styrketräning,Close Grip Bench; Smalt grepp bänkpress,,,,
4,Sned bänkpress med hantlar,Incline Dumbbell Bench Press,strength,beginner,Bröst; Axlar; Triceps,,dumbbells,,true,,,false,true,false,both,styrketräning,Sned hantel bänkpress; Incline Dumbbell Bench Press,,,,
EX192,Sned crunch,Oblique crunch,strength,advanced,abs,,bodyweight,,false,,,false,false,true,both,strength_training,oblique crunch,intermediate; advanced,bodyweight; floor,,
EX193,Sned sit-up,Oblique sit-up,strength,advanced,abs,,bodyweight,,false,,,false,false,true,both,strength_training,oblique sit-up,intermediate; advanced,bodyweight; floor,,
134,Sneda situps,Sned situp,strength,beginner,Mage,,bodyweight,,false,,,false,true,false,female,styrketräning,Sned situp; Oblique crunch,,,,
EX114,Spidercurl,Spider curl,strength,beginner,biceps,,bodyweight,,false,,,false,true,false,both,strength_training,spider curl,beginner; intermediate; advanced,bodyweight; floor,,
EX100,Statiskt framåtlyft,Static front raise,strength,beginner,shoulders,,dumbbell,,false,,,false,true,false,both,strength_training,static front raise,beginner; intermediate; advanced,dumbbell,,
,Steguppsteg,Step-Up,Lunge,Intermediate,Gluteus,,Hantlar,,false,https://www.youtube.com/shorts/TG3xUe-UvCQ?feature=share,shorts,false,false,false,,,,,,,
50,Step-up på låda,Step up,strength,beginner,Ben; Rumpa,,dumbbells,,true,,,false,true,true,female,styrketräning; viktminskning,Step up; Step-up; Kliva upp,,,,
EX148,Step-ups,Step-ups,strength,beginner,quadriceps; glutes,,bodyweight,,true,,,false,true,true,both,strength_training,step-ups,beginner; intermediate; advanced,bodyweight; floor,,
EX063,Styrkeryck,Power snatch,strength,advanced,back; shoulders; core,,barbell,,true,,,true,false,true,both,strength_training,power snatch,intermediate; advanced,barbell; plate,,
EX064,Styrkevändning,Power clean,strength,advanced,back; shoulders; core,,barbell,,true,https://www.youtube.com/shorts/Btkay7PP8Kk?feature=share,shorts,true,false,true,both,strength_training,power clean,intermediate; advanced,barbell; plate,,
EX101,Stående drag till hakan,Standing upright row,strength,advanced,shoulders; back,,barbell,,true,,,true,false,false,both,strength_training,standing upright row,intermediate; advanced,barbell; plate,,
EX023,Stående flyes med gummiband,Standing band flyes,strength,beginner,chest,,resistance band,,false,,,false,true,false,both,strength_training,standing band flyes,beginner; intermediate; advanced,band; resistance,,
EX022,Stående kabelflyes,Standing cable flyes,strength,beginner,chest,,cable machine,,false,,,false,true,false,both,strength_training,standing cable flyes,beginner; intermediate; advanced,cable; bar,,
EX175,Stående kickback i maskin,Standing machine kickback,strength,beginner,glutes,,machine,,false,,,false,true,false,both,strength_training,standing machine kickback,beginner; intermediate; advanced,machine,,
116,Stående latsdrag med raka armar,Straight arm pulldown,strength,beginner,Rygg,,cable,,false,,,false,true,false,both,styrketräning,Straight arm pulldown; Stående latsdrag,,,,
EX149,Stående vadpress,Standing calf raise,strength,beginner,calves,,bodyweight,,false,https://www.youtube.com/shorts/ZJG4AmRMW8M?feature=share,shorts,false,true,false,both,strength_training,standing calf raise,beginner; intermediate; advanced,bodyweight; floor,,
EX065,Stöt,Clean and jerk,strength,advanced,back; shoulders; core,,barbell,,true,https://www.youtube.com/shorts/kGUx6-pXU-k?feature=share,shorts,true,false,true,both,strength_training,clean and jerk,intermediate; advanced,barbell; plate,,
153,Sumo knäböj med skivstång,Sumo squat barbell,strength,intermediate,Ben; Rumpa,,barbell,,true,,,false,false,true,female,styrketräning,Sumo squat skivstång; Sumo squat barbell,,,,
164,Sumo squat med kettlebell,Sumo squat,strength,beginner,Ben; Rumpa,,kettlebell,,true,,,false,true,true,female,styrketräning,Sumo squat; Sumo knäböj,,,,
EX066,Sumomarklyft,Sumo deadlift,strength,advanced,hamstrings; glutes; back,,barbell,,true,https://www.youtube.com/shorts/k_jHUVBU-T0?feature=share,shorts,true,false,true,both,strength_training,sumo deadlift,intermediate; advanced,barbell; plate,,
EX067,Sälrodd,Seal row,strength,advanced,back,,barbell,,false,,,false,false,false,both,strength_training,seal row,intermediate; advanced,barbell; plate,,
EX176,Sätesbrygga,Glute bridge,strength,beginner,glutes; hamstrings,,bodyweight,,true,https://www.youtube.com/shorts/LORVjN2bg5o?feature=share,shorts,false,true,true,both,strength_training,glute bridge,beginner; intermediate; advanced,bodyweight; floor,,
EX068,Tempomarklyft,Tempo deadlift,strength,advanced,hamstrings; glutes; back,,barbell,,true,,,true,false,true,both,strength_training,tempo deadlift,intermediate; advanced,barbell; plate,,
108,Thruster,Thruster,Squat to Press,intermediate,Hela kroppen,,barbell,,false,https://www.youtube.com/shorts/xpLACw6SnXM?feature=share,shorts,false,false,true,male,styrketräning; viktminskning,Thruster; Knäböj axelpress,,,,
46,Trapbar marklyft,Trapbar deadlift,strength,advanced,Ben; Rygg,,barbell,,true,,,true,false,true,male,styrketräning,Trapbar deadlift; Trap bar marklyft,,,,
EX069,Trapbarmarklyft,Trap bar deadlift,strength,advanced,hamstrings; glutes; back,,smith machine,,true,,,true,false,true,both,strength_training,trap bar deadlift,intermediate; advanced,smith; barbell,,
EX071,Trapbarmarklyft med höga handtag,Trap bar deadlift (high handles),strength,advanced,hamstrings; glutes; back,,smith machine,,true,,,true,false,true,both,strength_training,trap bar deadlift (high handles),intermediate; advanced,smith; barbell,,
EX070,Trapbarmarklyft med låga handtag,Trap bar deadlift (low handles),strength,advanced,hamstrings; glutes; back,,smith machine,,true,,,true,false,true,both,strength_training,trap bar deadlift (low handles),intermediate; advanced,smith; barbell,,
76,Triceps pushdown,Tricep Pushdown,Armar,beginner,Triceps,,cable,Isolation,false,https://www.youtube.com/watch?v=WjLJ7zIppXQ,shorts,false,true,false,male,styrketräning,Triceps press; Triceps pushdown,,,,Kabel tricepspress
,Triceps pushdown kabel (rep),Cable Triceps Pushdown (Rope),Isolation,Beginner,Triceps,,Kabel,,false,https://www.youtube.com/shorts/u36jNfqh8_U?feature=share,shorts,false,false,false,,,,,,,
,Triceps pushdown kabel (stång),Cable Triceps Pushdown (Bar),Isolation,Beginner,Triceps,,Kabel,,false,https://www.youtube.com/shorts/1FjkhpZsaxc?feature=share,shorts,false,false,false,,,,,,,
EX123,Triceps pushdown med rep,Cable tricep pushdown (rope),strength,beginner,triceps,,cable machine,,false,,,false,true,false,both,strength_training,cable tricep pushdown (rope),beginner; intermediate; advanced,cable; bar,,
EX124,Triceps pushdown med stång,Cable tricep pushdown (bar),strength,beginner,triceps,,cable machine,,false,,,false,true,false,both,strength_training,cable tricep pushdown (bar),beginner; intermediate; advanced,cable; bar,,
12,Tricepsdips,Tricep Dip,strength,beginner,Triceps,,bodyweight,,false,https://www.youtube.com/watch?v=jkTKsIME3Go,shorts,false,true,false,both,styrketräning,Bänkdips; Tricepsdips,,,,
EX121,Tricepsextension med kroppsvikt,Bodyweight tricep extension,strength,beginner,triceps,,bodyweight,,false,,,false,true,false,both,strength_training,bodyweight tricep extension,beginner; intermediate; advanced,bodyweight; floor,,
EX122,Tricepsextension över huvudet med kabel,Overhead cable tricep extension,strength,beginner,triceps,,cable machine,,false,,,false,true,false,both,strength_training,overhead cable tricep extension,beginner; intermediate; advanced,cable; bar,,
80,Tricepskickback,Triceps kickback,strength,beginner,Triceps,,dumbbell,,false,,,false,true,false,female,styrketräning,Triceps kickback,,,,
130,Tricepspress i maskin,Tricepsmaskin,strength,beginner,Triceps,,machine,,false,,,false,true,false,both,styrketräning,Tricepsmaskin; Tricep machine,,,,
160,Tricepspress med gummiband,Triceps band press,rehabilitation,beginner,Triceps,,resistance_band,,false,,,false,true,false,female,rehabilitering,Triceps band press; Gummiband triceps,,,,
79,Tricepspress över huvud med hantel,Triceps overhead,strength,beginner,Triceps,,dumbbell,,false,,,false,true,false,female,styrketräning,Triceps overhead; Overhead triceps extension,,,,
,Tricepspress över huvudet,Overhead Dumbbell Triceps Extension,Isolation,Beginner,Triceps,,Hantlar,,false,https://www.youtube.com/shorts/b_r_LW4HEcM?feature=share,shorts,false,false,false,,,,,,,
,Tricepspress över huvudet kabel,Cable Overhead Triceps Extension (Rope),Isolation,Intermediate,Triceps,,Kabel,,false,https://www.youtube.com/shorts/9Ark9S11uXw?feature=share,shorts,false,false,false,,,,,,,
99,Trunk rotation i kabel,Kabelrotation,strength,beginner,Mage,,cable,,false,,,false,true,false,both,styrketräning; rehabilitering,Kabelrotation; Woodchopper,,,,
137,Turkish get-up,Turkish getup,strength,intermediate,Hela kroppen,,kettlebell,,false,,,false,false,true,male,styrketräning,Turkish getup; Get-up,,,,
EX150,Tåhävningar,Calf raises,strength,beginner,calves,,bodyweight,,false,,,false,true,false,both,strength_training,calf raises,beginner; intermediate; advanced,bodyweight; floor,,
123,Ufall bakåt,Reverse lunge,rehabilitation,beginner,Ben; Rumpa,,bodyweight,,true,,,false,true,true,female,rehabilitering,Bakåt utfall; Reverse lunge,,,,
36,Upphopp,Jump squat,strength,beginner,Ben,,bodyweight,,false,,,false,true,true,both,styrketräning; viktminskning,Jump squat; Upphopp; Squat jump,,,,
EX073,Upphöjda marklyft,Elevated deadlift,strength,advanced,hamstrings; glutes; back,,barbell,,true,,,true,false,true,both,strength_training,elevated deadlift,intermediate; advanced,barbell; plate,,
,Upprätt rodd,Upright Row,Upper Body Pull,Intermediate,Axlar,,Skivstång,,true,https://www.youtube.com/shorts/AWsGWt-VMl8?feature=share,shorts,false,false,false,,,,,,,
EX024,Uppåtlutande armhävningar,Incline push-ups,strength,beginner,chest; triceps,,bodyweight,,true,,,false,true,true,both,strength_training,incline push-ups; incline pushups,beginner; intermediate; advanced,bodyweight; floor,,
EX025,Uppåtlutande armhävningar på knäna,Incline knee push-ups,strength,advanced,chest; triceps,,bodyweight,,true,,,false,false,true,both,strength_training,incline knee push-ups; incline knee pushups,intermediate; advanced,bodyweight; floor,,
EX026,Uppåtlutande bänkpress,Incline bench press,strength,advanced,chest; triceps,,barbell,,true,https://www.youtube.com/watch?v=98HWfiRonkE,shorts,true,false,true,both,strength_training,incline bench press; barbell incline bench press,intermediate; advanced,barbell; plate; bench,,
EX102,Uppåtlutande bänkpress i smithmaskin,Incline bench press in Smith machine,strength,advanced,chest; triceps,,smith machine,,true,,,true,false,true,both,strength_training,incline bench press in smith machine,intermediate; advanced,smith; barbell,,
EX027,Uppåtlutande hantelpress,Incline dumbbell press,strength,advanced,chest; triceps,,dumbbell,,true,https://www.youtube.com/shorts/8fXfwG4ftaQ?feature=share,shorts,false,false,true,both,strength_training,incline dumbbell press,intermediate; advanced,dumbbell; bench,,
,Utfall,Lunges,Ben,Mellannivå,Quadriceps; Gluteus,Baksida lår,Hantlar,Lunge,true,https://www.youtube.com/watch?v=f7Aw2yiqmVs,video,false,false,false,,,,,,,Enbenig benövning
EX151,Utfall med hantlar,Dumbbell lunges,strength,advanced,quadriceps; glutes,,dumbbell,,true,,,false,false,true,both,strength_training,dumbbell lunges,intermediate; advanced,dumbbell,,
EX152,Utfall med kroppsvikt,Bodyweight lunges,strength,beginner,quadriceps; glutes,,bodyweight,,true,,,false,true,true,both,strength_training,bodyweight lunges,beginner; intermediate; advanced,bodyweight; floor,,
EX153,Utfall med skivstång,Barbell lunges,strength,advanced,quadriceps; glutes,,barbell,,true,,,true,false,true,both,strength_training,barbell lunges,intermediate; advanced,barbell; plate,,
EX154,Utfallsgång med skivstång,Barbell walking lunges,strength,advanced,quadriceps; glutes,,barbell,,true,,,true,false,true,both,strength_training,barbell walking lunges,intermediate; advanced,barbell; plate,,
,Utfallssteg,Lunge,strength,intermediate,unknown,,unknown,,false,https://www.youtube.com/watch?v=f7Aw2yiqmVs,shorts,false,false,false,,,,,,,
,Utfallssteg gående,Walking Lunge,Lunge,Intermediate,Quadriceps,,Hantlar,,true,https://www.youtube.com/shorts/2ea3_b9rFdM?feature=share,shorts,false,false,false,,,,,,,
40,Utfallssteg med hantlar,Utfall hantlar,strength,beginner,Ben; Rumpa,,dumbbells,,true,,,false,true,true,female,styrketräning,Utfall hantlar; Lunge dumbbells,,,,
,Utfallssteg stationära,Stationary Lunge,Lunge,Beginner,Quadriceps,,Hantlar,,true,https://www.youtube.com/shorts/38xlLGfguz4?feature=share,shorts,false,false,false,,,,,,,
EX072,Utfallsstöt,Split jerk,strength,advanced,shoulders; legs; core,,barbell,,true,,,true,false,true,both,strength_training,split jerk,intermediate; advanced,barbell; plate,,
EX155,Utfallsteg åt sidan,Side lunges,strength,beginner,quadriceps; glutes,,bodyweight,,true,,,false,true,true,both,strength_training,side lunges,beginner; intermediate; advanced,bodyweight; floor,,
EX103,Utåtrotation av axel med band,Shoulder external rotation with band,rehabilitation,beginner,shoulders,,resistance band,,false,,,false,true,false,both,rehabilitation; strength_training,shoulder external rotation with band,beginner; intermediate; advanced,band; resistance,,
68,Utåtrotation axel med band,Extern rotation band,rehabilitation,beginner,Axlar,,resistance_band,,false,,,false,true,false,both,rehabilitering,Extern rotation band; Utåtrotation axel,,,,
131,V-ups,V-situps,strength,intermediate,Mage,,bodyweight,,false,,,false,false,false,male,styrketräning,V-situps; V-ups,,,,
,Vadpress,Calf Raise,strength,intermediate,unknown,,unknown,,false,https://www.youtube.com/watch?v=a-x_NR-ibos,shorts,false,false,false,,,,,,,
,Vadpress i benpress,Calf Press on Leg Press,Isolation,Beginner,Vader,,Maskin,,true,https://www.youtube.com/shorts/1cvpm--Y-4I?feature=share,shorts,false,false,false,,,,,,,
133,Vindrutetorkare,Windshield wipers,strength,intermediate,Mage; Rygg,,bodyweight,,true,,,false,false,true,male,styrketräning,Windshield wipers; Vindrutetorkare,,,,
122,Väggsitt,Wall sit,rehabilitation,beginner,Ben,,bodyweight,,false,,,false,true,false,both,rehabilitering,Wall sit; Väggsitt,,,,
139,Wall ball,Medicinboll kast,cardio,beginner,Hela kroppen,,medicine_ball,,false,,,false,true,true,both,viktminskning,Wall ball; Medicinboll kast,,,,
EX156,Zercher Squat,Zercher squat,strength,advanced,quadriceps; glutes,,barbell,,true,,,true,false,true,both,strength_training,zercher squat,intermediate; advanced,barbell; plate,,